prefix,graph size, mean degree, mean CC,# connected components
p,1884,5.48303870043,0.445676527624,58
pr,467,3.73514431239,0.425181705241,26
pre,157,2.87037037037,0.47138477234,15
