prefix,graph size, mean degree, mean CC,# connected components
o,456,3.36363636364,0.415993599955,41
ou,51,3.15789473684,0.611464243817,5
out,51,3.33333333333,0.611464243817,5
