prefix,graph size, mean degree, mean CC,# connected components
t,934,3.75979112272,0.434671773366,50
tr,204,2.62706270627,0.456700970168,20
tri,38,2.75862068966,0.555565195039,8
